customer_id,customer_name,email,phone,address
1,Maria Hill,douglasmullins@example.com,831.419.9287,"6981 Ali Club, Cassandrashire, MS 68103"
2,Willie Williams,castilloshari@example.com,752-729-3912x0816,"59926 Jason Court Suite 950, Lake Christopher, FL 43093"
3,Jennifer Stephens,marywilliams@example.com,001-826-228-7009x775,"8691 Vincent Road, Williamville, MN 49601"
4,Nancy Horton,bellnicole@example.com,001-828-205-0652x27222,"791 Jones Village, East Lindahaven, SD 88329"
5,Daniel Donovan,davidlane@example.com,339-753-1168x40082,"30766 Lee Coves, Mejialand, GA 72737"
6,Brett Ellis,cdavis@example.com,672.556.0459,"3641 Smith Glens Apt. 935, Leeland, AZ 89658"
7,Timothy Smith,ugarcia@example.org,001-420-337-1326x108,"5496 Gilbert Rest, Port Suzanneshire, NM 13066"
8,Katherine Turner,sjenkins@example.net,001-621-427-0932x49036,"789 Hall Turnpike Apt. 077, East Christopherberg, OK 76354"
9,Elizabeth Wallace,claire32@example.com,681.287.9796x125,"05383 Marie Mountains Suite 261, Petersonland, MO 00692"
10,Thomas Lopez,sherry00@example.org,001-248-482-3322x17002,"536 Wilson Via Suite 047, South Stephen, WY 41980"
11,Roy Wilson,scott02@example.net,736-239-8546x6168,"694 Holly Wells Apt. 588, West Sara, OR 28416"
12,Brian Mckinney,april44@example.net,(673)315-9752x13910,"PSC 6518, Box 8260, APO AA 43520"
13,David Edwards,murphynicholas@example.net,5276884024,"PSC 5242, Box 0645, APO AA 73926"
14,Melanie Franco,savannahhoffman@example.org,001-443-446-8413x986,"56994 Lori Dam, North Sarahberg, VT 11819"
15,Matthew Montes,ryanstephenson@example.net,621-933-1038x5052,"8660 Brown Turnpike, North Michael, MT 95617"
16,Jessica Luna,ramirezeugene@example.org,+1-827-955-3179x58452,"033 William Walks, Ronniefurt, NC 22975"
17,Keith Williams,wrightpatrick@example.org,449-566-5724x277,"096 Laura Garden, Melissaside, SD 19889"
18,William Austin,wilkinsonbernard@example.com,7885716521,"PSC 9328, Box 1736, APO AE 17575"
19,Paul Huang,ymiller@example.org,001-261-615-1098,"09915 Carson Isle, Port Joan, SC 48641"
20,Bobby Stevens,colejose@example.net,940.392.8935,"83554 Melissa Estates Apt. 202, Ericaside, OK 71452"
21,Kelly Brooks DDS,daniel44@example.org,452.712.1232,"14824 Pacheco Vista Suite 295, North Matthew, AR 07118"
22,Olivia Stewart,goodwindavid@example.com,722-206-0676,"PSC 6810, Box 7233, APO AE 91635"
23,Kevin Smith,georgebenitez@example.com,001-715-817-5679x3384,"USS Preston, FPO AP 41078"
24,Gina Jones,sbrown@example.net,(901)526-7386,"63040 Allison Prairie, Burtonburgh, CT 67319"
25,Brianna Holden,jeremiah36@example.com,+1-470-578-1187x2742,"PSC 0966, Box 5605, APO AA 56238"
26,Amanda White,allencolon@example.com,652-451-3775x08605,"174 Lori River, East Erinmouth, AZ 56301"
27,Theodore Short,pricebetty@example.org,001-452-310-4020x5697,"11440 Mcdonald Creek Suite 131, Fergusonfort, TN 31256"
28,Jeffrey Manning,lball@example.net,2388831892,"15286 Gregory Run, Watkinstown, TX 45802"
29,Samantha Graves,nancy99@example.net,754.788.7614x5239,"196 Erik Mews Apt. 926, Paynemouth, PA 45708"
30,Mary Thompson,amyhenry@example.net,867.928.3272,"20209 Veronica Squares, North Tracyside, MS 30906"
31,Vickie House,samuelcalhoun@example.org,001-399-922-4122x489,"PSC 1486, Box 9789, APO AP 73627"
32,Sarah Meyers,lori45@example.com,375-533-9739,"93308 Justin Motorway, Natashamouth, AL 54937"
33,Robert Shields,andersonchristopher@example.com,001-470-326-8996x61378,"33634 Melinda Place, Port Nicholas, AZ 70661"
34,Eric Moore,castrochristina@example.org,588.669.0572,"053 Joe Isle, West Dustin, WI 24251"
35,Keith Francis,webbjay@example.net,001-477-906-7392x85768,"1404 Smith Throughway Apt. 345, Ashleyview, KY 14071"
36,Peggy Morales,smithmargaret@example.org,714-692-9110,"PSC 7375, Box 3739, APO AP 06926"
37,Patrick Wood MD,angelapadilla@example.com,229.527.8800x327,"486 Adam Unions, North Christy, DE 87574"
38,Vanessa Peterson,andrewmolina@example.com,+1-353-549-7453x4997,"3638 Emily Trace, Lake Michealchester, SC 01970"
39,Dana Villarreal,angela93@example.net,658-271-8603x541,"70259 Paula Valley, South Kimberlymouth, AK 61820"
40,Mikayla Palmer,johnbridges@example.com,7268267848,"Unit 6171 Box 9102, DPO AE 50662"
41,Dale Riley,tammy67@example.net,366-889-4231x92183,"249 Perez Coves, Brandonview, WI 09362"
42,Jodi Brown,xwilson@example.org,+1-728-227-9120,"03240 Padilla Gardens Apt. 461, Gordonborough, SD 28403"
43,John Bean,miguellogan@example.com,466-802-4410x88433,"69607 Smith Street, West Courtney, MA 60950"
44,Charles Jackson,kathrynnewman@example.com,225-508-9753,"027 Reyes Flat Apt. 042, Lake Jefferyton, MT 11436"
45,Natalie Strickland,crystal24@example.com,394-299-6179x762,"1649 Joseph Parkway, South Shannon, WY 04359"
46,Timothy Pope,angela33@example.com,(649)381-1560x0324,"78104 Lee Island Suite 354, Masonview, GA 57776"
47,Louis Moore,murillomary@example.net,+1-778-293-8091,"513 Steven Junction, West David, MH 34711"
48,Aaron English,stacy69@example.com,+1-581-304-4509x372,"393 Eddie Ports, South Carol, NM 94071"
49,Sean Case,tkeller@example.org,(540)239-1578x769,"095 Miller Lane, Ericland, MH 91720"
50,Jason Mcdonald,karenkelly@example.com,+1-537-223-2050x7848,"62620 Adams Square Suite 620, Aprilport, SC 31042"
51,Karen Morrison,thomaseaton@example.org,499.900.1959,"23809 Crystal Motorway Apt. 487, South Stephen, AZ 46905"
52,Lisa Baker,tinasantos@example.org,465.275.6111x1443,"1634 Kimberly Estate, Zacharyville, OH 36116"
53,William Bowman,jpeck@example.net,659.269.8837x0855,"8338 Gonzalez Burg Suite 505, Burnsside, DE 72790"
54,Tina Bond,leonbernard@example.org,495-556-6217,"0211 Chen Crescent Suite 919, Lake Charlene, MA 36792"
55,Cameron Estes,valdezeric@example.com,(346)999-5793x813,"165 Sullivan Mission, Ramseybury, MA 33287"
56,Cheryl Little,charleswright@example.org,(301)609-3202,"680 Wayne Throughway Apt. 772, New Suzanne, AL 91618"
57,Patrick Hall,john72@example.com,(837)835-0252x304,"02427 Jill Shoal Apt. 893, Port Erinfort, MI 95295"
58,Lauren French,riceashley@example.com,(534)918-4349,"241 Martin Estate, South Brandon, MS 07751"
59,Dr. John Nguyen MD,jasonlewis@example.net,5859465365,"Unit 3586 Box 3445, DPO AP 02647"
60,Peter King,hmorales@example.net,+1-850-294-9007x895,"66824 Tamara Coves, Bushville, KS 03332"
61,Janice West,thomas63@example.com,561-892-4548x277,"647 Lisa Course Apt. 333, North Thomas, MT 80583"
62,Brianna Bolton,clarktara@example.net,969.733.1608x8798,"8326 Thomas Rapid Suite 652, South Russellshire, FM 42076"
63,Todd Hicks,rpierce@example.com,482-388-2948,"21672 Nguyen Corners, East Albertshire, FM 39149"
64,Jill Gilbert,tristandavis@example.org,(437)579-6525,"584 Stewart Point Apt. 388, Marthamouth, MI 22420"
65,Candice Williams,robert43@example.com,541.744.4250,"Unit 4431 Box 9097, DPO AP 51736"
66,Latoya Griffin,tylergutierrez@example.org,+1-918-967-6292x658,"435 Russo Fields Suite 369, Lake Anthonymouth, NY 53890"
67,Brittany Patton,ashley74@example.org,(943)222-3331x712,"PSC 7645, Box 3461, APO AA 68365"
68,Katherine Bailey,torresjames@example.com,(343)964-5864x032,"7382 Clark Manor, Port Joshua, MP 65485"
69,Ann Hamilton,lreed@example.org,625.427.3897x938,"784 Barajas Villages Apt. 346, Alisonport, DE 01057"
70,Jason Welch,jasmine78@example.com,001-235-982-1387x418,"6420 Soto Pass, West Jack, WV 08930"
71,Lisa Simmons,lorijensen@example.net,353.274.2473x886,"396 Morton Inlet, Simmonsburgh, HI 44810"
72,Monica Wilson,ritterrachael@example.com,856.437.8443,"68162 Aaron Unions, Andrewside, MH 01692"
73,Jeffery Cortez,zmoyer@example.com,(313)954-6990,"8709 Rebecca Heights Suite 548, West Susan, IN 30782"
74,Christina House,cbrown@example.com,+1-202-517-7216x758,"046 Michelle Squares, Port Toddborough, AS 45728"
75,David May,wstrong@example.org,977-273-9463,"4821 Davis Mountains Suite 576, East Mary, AL 30404"
76,Heather Gaines,ythompson@example.net,4812247073,"502 Nelson Street Suite 958, East Justin, AL 62254"
77,Susan Johnson,iangriffin@example.org,887.873.6745x8970,"7094 John Drive, New Mitchellhaven, IL 51899"
78,Seth Johnston,kimberly78@example.org,(816)773-9593,"7599 Sanchez Springs, Andrewville, FL 89754"
79,Crystal Wilson,christopherjones@example.com,(886)270-5031,"0203 Anne Via, East Lindsey, ND 60126"
80,Jennifer Newton,williamspencer@example.net,001-213-720-0674x1815,"7894 Patrick Stream, Mauriceport, CT 95571"
81,Michael Hall,charles76@example.org,4207699495,"90238 David Views, Dennishaven, PA 68746"
82,Jennifer Hunter,marcus18@example.net,(288)645-4404,"89116 Rogers Prairie Suite 727, Ralphstad, OK 45360"
83,Austin Taylor,jeanne48@example.com,7268421780,"760 Mariah Crossroad Apt. 683, West Danielleside, ND 51023"
84,Gary Peterson,patrickhobbs@example.net,+1-861-927-8206,"3279 Lauren Locks Suite 895, North Karastad, PR 53315"
85,Michael Flores,patriciaperez@example.net,3745063587,"2235 Christopher Underpass, North Christianmouth, SC 68436"
86,Brian Hughes,danasantos@example.org,806-210-3484x52611,"14398 Hutchinson Turnpike, Port Scottville, CT 64747"
87,Ian Heath,daniel40@example.org,+1-390-328-2667x223,"5821 Phillips Locks, Aliciahaven, WV 97839"
88,Lori Gallegos,allisoncharles@example.net,806.703.4009x1655,"41194 Green Mills Apt. 153, South Brandon, KS 17796"
89,Christina Lane,pneal@example.com,+1-993-522-7603x23331,"32655 Barbara Highway Apt. 943, New Juan, ID 89956"
90,Jennifer Bush,aibarra@example.org,001-426-636-2029,"761 Thomas Dam Apt. 533, New Michaelberg, DE 21204"
91,Jason Monroe,dawnrodriguez@example.org,001-923-708-8714,"813 Lawrence Locks, Port Michaelville, OH 82324"
92,Jessica Williamson,heatherhenderson@example.org,867-963-6167,"81540 Curtis Vista, West Pamela, AZ 77194"
93,Nathan Wilson,jordanmark@example.org,001-448-777-8097x661,"76780 White Walks Suite 466, Lechester, AK 66862"
94,Brad Carter,mark40@example.org,+1-806-885-9474x259,"401 Hughes Field, Clarkhaven, MP 46802"
95,Lauren Larson,kristinlopez@example.com,388.521.1129x9547,"261 Joseph Fall, Susanland, MP 29123"
96,John Webb,hocandace@example.org,(538)679-9448,"25622 Roberts Cove, South Jamieshire, ID 80481"
97,April Fox,kristin00@example.org,7292912314,"6458 Casey Park Suite 224, Lake Hectormouth, HI 57073"
98,Matthew Jordan,scottpatricia@example.net,(466)684-3958,"896 Erik Junction Apt. 825, New Lynnton, OH 05693"
99,Anna Reyes,james18@example.com,542-583-5728,"Unit 9721 Box 1993, DPO AE 57547"
100,Rebecca Peterson,zsantiago@example.com,262-966-6807x74717,"USNV Lawrence, FPO AA 61950"
